Palabra clave;Categoría
tanza de albañil;Construcción y albañilería
caño corrugado;Electricidad e iluminación
sensor de movimiento;Electricidad e iluminación
reflector;Electricidad e iluminación
cinta aisladora;Electricidad e iluminación
enchufe triple;Electricidad e iluminación
enchufe plano;Electricidad e iluminación
unidad magnetica;Electricidad e iluminación
cables de estufas;Electricidad e iluminación
resistencia calefon;Gas y calefacción
calentador de mate;Gas y calefacción
calendatdr de mate;Gas y calefacción
magiclick;Gas y calefacción
maglickik;Gas y calefacción
termocupla;Gas y calefacción
regulador;Gas y calefacción
flexible de gas;Gas y calefacción
ducha de calefon;Gas y calefacción
extractor;Sanitarios y plomería
pegamento pvc;Sanitarios y plomería
cañamo;Sanitarios y plomería
pincel;Pintura
pinceleta;Pintura
rodillo;Pintura
porta martillo;Seguridad industrial
faja de seguridad;Seguridad industrial
auricular de casco;Seguridad industrial
zapato de seguridad;Seguridad industrial
cabo de;Herramientas y accesorios
sierra circular;Herramientas y accesorios
piedra de banco;Herramientas y accesorios
arco cerrucho;Herramientas y accesorios
escuadra;Herramientas y accesorios
corta guierro;Herramientas y accesorios
grinfa;Herramientas y accesorios
balde de albañil;Construcción y albañilería
precinto;Construcción y albañilería
polvo epoxi;Adhesivos, lubricantes y consumibles
grasa grafitada;Adhesivos, lubricantes y consumibles
glicerina;Adhesivos, lubricantes y consumibles
pico de pelota;Varios
